"Accession","DIAMOND_per","eggNog_per"
"1Dt100g",0.84913112164297,0.920376712328767
"1Dt100h",0.915032679738562,0.849128127369219
"1Dt1h",0.846975088967972,0.872593950504125
"1Dt2d",0.883733624454148,0.828132992327366
"2Dt1e",0.825591586327783,0.821272885789015
"2Dt1l",0.834273318872017,0.85352862849534
"3Dt1c",0.820939334637965,0.940582959641256
"3Dt2c",0.806730769230769,0.936906756002233
"3Dt2h",0.866785079928952,0.83371298405467
"3Dt2j",0.84088200238379,0.948890383322125
